"id","name","created","modified"
"1","新製品","2015-02-03 22:14:19",""
"2","Unity","2015-04-20 13:08:04","2015-04-20 13:08:04"
"3","ゲーム","2015-04-20 13:08:24","2015-04-20 13:08:24"
"4","新人研修","2015-05-18 16:27:19","2015-05-18 16:27:19"
"5","DevOpe","2015-06-19 12:29:57","2015-06-19 12:29:57"
"6","ファシリテーション","2015-06-25 11:17:36","2015-06-25 11:17:36"
"7","講座","2015-06-25 14:04:28","2015-06-25 14:04:28"
"8","補助事業","2015-07-21 13:39:24","2015-07-21 13:39:24"
"9","マネジメント","2015-07-25 13:24:34","2015-07-25 13:24:34"
"10","イベント","2015-09-01 18:05:25","2015-09-01 18:05:25"
